,bottom_temp,PDO,NPGO,depth_m,latitude,year,julian,grain_size
197706004164,8.60,0.64,1.28,123.00,43.02,1977.00,223.00,4.55
197706004165,8.90,0.64,1.28,95.00,43.00,1977.00,223.00,3.56
197706004166,7.80,0.64,1.28,141.00,43.16,1977.00,223.00,3.80
197706022135,10.80,0.64,1.28,101.00,42.85,1977.00,234.00,4.15
197706025008,14.70,0.64,1.28,135.00,43.62,1977.00,214.00,3.78
197706025009,8.60,0.64,1.28,99.00,43.61,1977.00,214.00,4.07
197706025013,8.10,0.64,1.28,128.00,43.48,1977.00,215.00,3.39
197706025014,7.30,0.64,1.28,99.00,43.47,1977.00,215.00,3.59
197706025015,9.00,0.64,1.28,112.00,43.64,1977.00,215.00,4.08
197706025017,8.50,0.64,1.28,146.00,42.58,1977.00,216.00,4.02
197706025018,8.90,0.64,1.28,146.00,42.33,1977.00,216.00,4.77
197706025027,8.10,0.64,1.28,101.00,42.06,1977.00,217.00,4.38
197706620001,14.20,0.64,1.28,108.00,46.14,1977.00,241.00,4.28
197706620003,9.40,0.64,1.28,123.00,45.97,1977.00,242.00,4.94
197706620004,10.80,0.64,1.28,115.00,45.90,1977.00,242.00,3.74
197706620005,7.20,0.64,1.28,141.00,45.89,1977.00,242.00,4.86
197706620006,10.30,0.64,1.28,135.00,45.98,1977.00,242.00,5.67
197706620007,11.10,0.64,1.28,148.00,45.95,1977.00,242.00,6.26
197706620008,7.20,0.64,1.28,146.00,45.88,1977.00,242.00,6.59
197706620009,9.40,-0.55,0.77,185.00,45.84,1977.00,243.00,2.11
198006019052,8.00,0.23,-0.99,143.00,41.61,1980.00,203.00,5.55
198006019060,7.20,0.51,-1.08,155.00,43.24,1980.00,216.00,4.74
198006019071,7.30,0.51,-1.08,128.00,42.91,1980.00,218.00,4.44
198006019073,7.70,0.51,-1.08,57.00,42.94,1980.00,218.00,3.22
198006019110,9.20,0.51,-1.08,62.00,44.47,1980.00,225.00,2.03
198006019117,7.40,0.51,-1.08,183.00,43.93,1980.00,226.00,3.26
198006019125,8.40,0.51,-1.08,66.00,43.88,1980.00,226.00,2.34
198006019127,7.40,0.51,-1.08,112.00,43.93,1980.00,227.00,3.23
198006019134,7.40,0.51,-1.08,179.00,44.12,1980.00,228.00,2.52
198006019141,7.60,0.51,-1.08,84.00,44.02,1980.00,228.00,2.34
198006019142,7.90,0.51,-1.08,68.00,44.38,1980.00,229.00,1.95
198006019147,7.70,0.51,-1.08,84.00,44.23,1980.00,231.00,1.76
198006019157,8.00,0.51,-1.08,79.00,44.67,1980.00,232.00,2.12
198006019158,7.80,0.51,-1.08,99.00,44.76,1980.00,232.00,2.53
198006019159,7.50,0.51,-1.08,70.00,44.86,1980.00,232.00,2.17
198006019160,7.50,0.51,-1.08,88.00,44.95,1980.00,232.00,1.82
198006019169,7.50,0.51,-1.08,82.00,45.06,1980.00,233.00,1.99
198006019170,7.70,0.51,-1.08,66.00,45.66,1980.00,234.00,2.15
198006019177,7.30,0.51,-1.08,70.00,46.07,1980.00,236.00,3.20
198006019191,7.50,0.51,-1.08,59.00,46.33,1980.00,238.00,3.96
198006019193,7.40,0.51,-1.08,82.00,46.31,1980.00,238.00,4.57
198006019197,6.80,0.51,-1.08,199.00,46.28,1980.00,238.00,3.95
198006019198,7.70,0.51,-1.08,93.00,46.63,1980.00,239.00,4.92
198006019212,7.20,0.10,-0.70,119.00,46.90,1980.00,249.00,5.57
198006019230,7.30,0.10,-0.70,93.00,47.12,1980.00,251.00,3.37
198006019236,7.10,0.10,-0.70,176.00,47.21,1980.00,252.00,4.57
198006019243,7.50,0.10,-0.70,84.00,47.37,1980.00,254.00,2.94
198006019245,7.60,0.10,-0.70,60.00,47.77,1980.00,254.00,3.05
198306039045,8.70,3.51,-0.05,139.00,41.25,1983.00,204.00,6.45
198306039046,9.10,3.51,-0.05,71.00,41.24,1983.00,204.00,4.90
198306039047,8.60,3.51,-0.05,139.00,41.62,1983.00,205.00,5.58
198306039048,8.40,3.51,-0.05,199.00,41.62,1983.00,205.00,5.58
198306039050,8.60,3.51,-0.05,123.00,42.00,1983.00,205.00,4.43
198306039051,8.80,3.51,-0.05,82.00,42.01,1983.00,205.00,4.18
198306039056,8.50,3.51,-0.05,137.00,42.38,1983.00,206.00,4.36
198306039057,9.00,3.51,-0.05,71.00,42.40,1983.00,206.00,3.67
198306039074,7.80,3.51,-0.05,176.00,43.15,1983.00,210.00,3.68
198306039083,8.50,1.85,-0.01,99.00,43.49,1983.00,213.00,3.75
198306039085,8.30,1.85,-0.01,148.00,43.52,1983.00,213.00,4.05
198306039136,8.70,1.85,-0.01,62.00,44.27,1983.00,229.00,1.40
198306039139,8.40,1.85,-0.01,99.00,44.29,1983.00,229.00,1.70
198306039148,8.80,1.85,-0.01,70.00,45.07,1983.00,233.00,1.93
198306039155,8.20,1.85,-0.01,177.00,45.47,1983.00,234.00,4.44
198306039157,8.70,1.85,-0.01,71.00,45.46,1983.00,234.00,2.34
198306039158,8.60,1.85,-0.01,64.00,45.85,1983.00,234.00,2.83
198306039163,10.80,1.85,-0.01,154.00,45.85,1983.00,235.00,4.62
198306039168,7.90,1.85,-0.01,137.00,46.18,1983.00,236.00,3.89
198306039170,8.40,1.85,-0.01,77.00,46.18,1983.00,236.00,3.79
198306039215,7.90,0.91,-0.41,198.00,47.36,1983.00,251.00,4.83
198306039216,8.70,0.91,-0.41,86.00,47.39,1983.00,251.00,3.02
198306039217,9.00,0.91,-0.41,66.00,47.40,1983.00,251.00,1.79
198306039219,9.30,0.91,-0.41,55.00,47.78,1983.00,254.00,3.05
198306039221,8.40,0.91,-0.41,119.00,47.74,1983.00,254.00,4.82
198306040051,8.50,3.51,-0.05,80.00,41.63,1983.00,204.00,4.89
198306040197,9.20,1.85,-0.01,139.00,46.63,1983.00,237.00,5.01
198306040199,6.90,1.85,-0.01,196.00,46.62,1983.00,237.00,4.48
198606019084,8.90,1.38,-0.94,70.00,41.21,1986.00,210.00,4.64
198606019093,8.20,0.22,-1.02,64.00,41.69,1986.00,213.00,5.36
198606019095,8.10,0.22,-1.02,95.00,41.94,1986.00,213.00,4.59
198606019098,7.70,0.22,-1.02,168.00,42.08,1986.00,213.00,4.67
198606019101,7.30,0.22,-1.02,90.00,42.99,1986.00,216.00,3.44
198606019113,7.00,0.22,-1.02,135.00,43.67,1986.00,219.00,3.68
198606019116,7.20,0.22,-1.02,77.00,43.87,1986.00,220.00,2.51
198606019124,7.10,0.22,-1.02,121.00,44.03,1986.00,221.00,3.40
198606019137,7.50,0.22,-1.02,75.00,44.44,1986.00,223.00,2.08
198606019173,6.70,0.22,-1.02,95.00,46.26,1986.00,229.00,4.40
198606019175,6.50,0.22,-1.02,128.00,46.35,1986.00,229.00,3.94
198606019176,6.40,0.22,-1.02,141.00,46.36,1986.00,229.00,2.95
198606019178,6.50,0.22,-1.02,121.00,46.41,1986.00,230.00,4.35
198606019179,6.80,0.22,-1.02,73.00,46.48,1986.00,230.00,4.84
198606019180,6.50,0.22,-1.02,113.00,46.49,1986.00,230.00,4.82
198606019181,6.70,0.22,-1.02,90.00,46.58,1986.00,230.00,4.98
198606019183,6.70,0.22,-1.02,115.00,46.64,1986.00,230.00,5.09
198606019184,6.80,0.22,-1.02,150.00,46.71,1986.00,230.00,4.91
198606019185,6.70,0.22,-1.02,166.00,46.73,1986.00,230.00,4.48
198606019186,7.10,0.22,-1.02,64.00,46.85,1986.00,232.00,3.39
198606019187,6.70,0.22,-1.02,101.00,46.84,1986.00,232.00,4.88
198606019188,6.70,0.22,-1.02,110.00,46.85,1986.00,232.00,5.14
198606019189,6.60,0.22,-1.02,139.00,46.78,1986.00,232.00,5.29
198606019190,6.70,0.22,-1.02,166.00,46.78,1986.00,232.00,4.80
198606019191,6.70,0.22,-1.02,130.00,46.90,1986.00,232.00,5.61
198606019192,7.00,0.22,-1.02,75.00,46.92,1986.00,232.00,2.07
198606019193,7.10,0.22,-1.02,108.00,46.95,1986.00,233.00,5.11
198606019196,6.80,0.22,-1.02,163.00,47.04,1986.00,233.00,4.05
198606019197,7.30,0.22,-1.02,88.00,47.04,1986.00,233.00,3.20
198606019198,7.10,0.22,-1.02,75.00,47.04,1986.00,233.00,2.51
198606019199,7.20,0.22,-1.02,64.00,47.04,1986.00,234.00,1.91
198606019201,6.90,0.22,-1.02,77.00,47.11,1986.00,234.00,2.36
198606019202,7.10,0.22,-1.02,88.00,47.10,1986.00,234.00,3.06
198606019203,6.70,0.22,-1.02,150.00,47.12,1986.00,234.00,4.11
198606019205,6.80,0.22,-1.02,148.00,47.17,1986.00,234.00,4.39
198606019206,6.90,0.22,-1.02,75.00,47.17,1986.00,234.00,2.13
198606019207,7.20,0.22,-1.02,68.00,47.17,1986.00,235.00,1.91
198606019209,7.00,0.22,-1.02,84.00,47.08,1986.00,235.00,2.71
198606019210,6.80,0.22,-1.02,165.00,47.09,1986.00,235.00,3.50
198606019211,7.20,0.22,-1.02,113.00,47.16,1986.00,235.00,3.95
198606019212,7.00,0.22,-1.02,77.00,47.15,1986.00,235.00,2.28
198606019213,7.10,0.22,-1.02,68.00,47.15,1986.00,235.00,2.02
198606019214,7.10,0.22,-1.02,60.00,47.15,1986.00,235.00,2.01
198606019216,7.20,0.22,-1.02,59.00,47.21,1986.00,236.00,1.20
198606019217,7.20,0.22,-1.02,66.00,47.21,1986.00,236.00,1.46
198606019218,6.40,0.22,-1.02,68.00,47.21,1986.00,236.00,1.72
198606019219,6.90,0.22,-1.02,176.00,47.21,1986.00,236.00,4.57
198606019220,6.90,0.22,-1.02,141.00,47.28,1986.00,236.00,4.16
198606019222,7.10,0.22,-1.02,60.00,47.25,1986.00,236.00,1.30
198606019223,7.20,0.22,-1.02,59.00,47.28,1986.00,237.00,1.41
198606019224,7.10,0.22,-1.02,70.00,47.28,1986.00,237.00,1.75
198606019225,7.10,0.22,-1.02,75.00,47.28,1986.00,237.00,2.04
198606019226,6.80,0.22,-1.02,66.00,47.31,1986.00,237.00,1.93
198606019228,7.20,0.22,-1.02,88.00,47.34,1986.00,237.00,2.98
198606019229,7.10,0.22,-1.02,117.00,47.34,1986.00,237.00,4.14
198606019230,6.90,0.22,-1.02,75.00,47.38,1986.00,237.00,2.39
198606019231,7.20,0.22,-1.02,62.00,47.38,1986.00,237.00,1.47
198606019232,7.10,0.22,-1.02,62.00,47.41,1986.00,238.00,1.72
198606019233,7.20,0.22,-1.02,66.00,47.41,1986.00,238.00,2.15
198606019234,7.10,0.22,-1.02,77.00,47.44,1986.00,238.00,2.90
198606019235,7.10,0.22,-1.02,97.00,47.44,1986.00,238.00,3.57
198606019236,7.20,0.22,-1.02,71.00,47.48,1986.00,238.00,2.97
198606019237,7.10,0.22,-1.02,84.00,47.48,1986.00,238.00,3.29
198606019239,7.20,0.22,-1.02,68.00,47.55,1986.00,238.00,2.90
198606019240,7.10,0.22,-1.02,73.00,47.55,1986.00,239.00,3.13
198606019241,7.30,0.22,-1.02,59.00,47.58,1986.00,239.00,3.02
198606019242,7.10,0.22,-1.02,84.00,47.57,1986.00,239.00,3.33
198606019243,7.10,0.22,-1.02,102.00,47.58,1986.00,239.00,3.67
198606019244,6.80,0.22,-1.02,188.00,47.58,1986.00,239.00,4.89
198606019245,7.20,0.22,-1.02,75.00,47.64,1986.00,239.00,3.24
198606019246,7.40,0.22,-1.02,59.00,47.65,1986.00,240.00,3.15
198606019247,7.30,0.22,-1.02,73.00,47.71,1986.00,240.00,3.26
198606019248,7.30,0.22,-1.02,80.00,47.71,1986.00,240.00,3.44
198606019249,7.20,0.22,-1.02,106.00,47.76,1986.00,240.00,4.15
198606019250,7.30,0.22,-1.02,90.00,47.77,1986.00,240.00,3.49
198606019252,7.50,0.22,-1.02,101.00,47.85,1986.00,241.00,4.36
198606019253,7.30,0.22,-1.02,108.00,47.84,1986.00,241.00,4.73
198606019254,7.10,0.22,-1.02,141.00,47.84,1986.00,241.00,5.48
198606019255,7.10,0.22,-1.02,155.00,47.85,1986.00,241.00,5.66
198606019256,7.00,0.22,-1.02,176.00,47.84,1986.00,241.00,5.77
198606037006,7.50,0.22,-1.02,128.00,43.19,1986.00,218.00,4.08
198606037009,7.40,0.22,-1.02,99.00,43.45,1986.00,219.00,3.51
198606037010,7.60,0.22,-1.02,126.00,43.50,1986.00,219.00,3.55
198606037012,7.40,0.22,-1.02,117.00,43.56,1986.00,219.00,3.82
198606037013,7.40,0.22,-1.02,198.00,43.57,1986.00,219.00,4.83
198606037016,7.30,0.22,-1.02,95.00,43.73,1986.00,220.00,3.84
198606037017,7.20,0.22,-1.02,137.00,43.79,1986.00,220.00,4.00
198606037020,7.30,0.22,-1.02,137.00,43.94,1986.00,220.00,3.42
198606037021,7.10,0.22,-1.02,123.00,43.98,1986.00,220.00,3.01
198606037022,7.10,0.22,-1.02,108.00,44.01,1986.00,221.00,2.82
198606037023,7.20,0.22,-1.02,84.00,44.05,1986.00,221.00,2.15
198606037024,7.40,0.22,-1.02,73.00,44.15,1986.00,221.00,1.75
198606037025,7.10,0.22,-1.02,112.00,44.14,1986.00,221.00,3.14
198606037026,7.10,0.22,-1.02,121.00,44.14,1986.00,221.00,2.92
198606037027,7.30,0.22,-1.02,115.00,44.07,1986.00,221.00,3.41
198606037028,7.40,0.22,-1.02,102.00,44.10,1986.00,221.00,2.88
198606037029,7.60,0.22,-1.02,146.00,44.08,1986.00,221.00,2.11
198606037032,7.40,0.22,-1.02,91.00,44.36,1986.00,222.00,1.17
198606037033,7.20,0.22,-1.02,68.00,44.60,1986.00,223.00,1.24
198606037034,7.80,0.22,-1.02,79.00,44.55,1986.00,223.00,2.04
198606037035,7.30,0.22,-1.02,146.00,44.61,1986.00,223.00,2.54
198606037039,7.30,0.22,-1.02,165.00,44.75,1986.00,224.00,3.88
198606037040,7.00,0.22,-1.02,126.00,44.80,1986.00,224.00,3.11
198606037041,6.80,0.22,-1.02,113.00,44.87,1986.00,224.00,2.71
198606037042,7.20,0.22,-1.02,66.00,44.90,1986.00,224.00,2.24
198606037043,7.20,0.22,-1.02,152.00,44.98,1986.00,224.00,3.49
198606037044,7.20,0.22,-1.02,86.00,45.04,1986.00,224.00,2.02
198606037048,6.90,0.22,-1.02,128.00,45.28,1986.00,225.00,3.27
198606037049,7.00,0.22,-1.02,101.00,45.33,1986.00,225.00,3.02
198606037050,6.80,0.22,-1.02,150.00,45.42,1986.00,226.00,3.91
198606037051,7.30,0.22,-1.02,60.00,45.48,1986.00,226.00,2.17
198606037052,7.10,0.22,-1.02,108.00,45.54,1986.00,226.00,2.68
198606037053,6.80,0.22,-1.02,130.00,45.62,1986.00,226.00,3.50
198606037054,7.10,0.22,-1.02,90.00,45.65,1986.00,226.00,2.44
198606037055,7.00,0.22,-1.02,106.00,45.68,1986.00,226.00,2.84
198606037056,7.20,0.22,-1.02,80.00,45.78,1986.00,226.00,2.62
198606037057,6.60,0.22,-1.02,143.00,45.84,1986.00,227.00,5.62
198606037058,6.70,0.22,-1.02,163.00,45.80,1986.00,227.00,5.56
198606037060,6.50,0.22,-1.02,144.00,45.86,1986.00,227.00,5.56
198606037061,6.60,0.22,-1.02,139.00,45.94,1986.00,227.00,5.95
198606037062,6.70,0.22,-1.02,135.00,45.98,1986.00,227.00,5.75
198606037078,7.10,0.22,-1.02,126.00,46.77,1986.00,232.00,5.17
198606037081,7.10,0.22,-1.02,155.00,46.80,1986.00,233.00,5.04
198606037088,7.00,0.22,-1.02,168.00,47.00,1986.00,233.00,4.12
198606037098,7.40,0.22,-1.02,70.00,47.62,1986.00,239.00,3.20
198606037103,7.40,0.22,-1.02,139.00,47.68,1986.00,240.00,5.00
198606037107,7.70,0.22,-1.02,57.00,47.81,1986.00,240.00,3.11
198606037112,7.30,0.22,-1.02,119.00,47.88,1986.00,241.00,5.28
198606037116,7.30,0.22,-1.02,154.00,47.92,1986.00,242.00,5.89
198906019089,8.20,0.09,0.67,101.00,41.07,1989.00,221.00,5.95
198906019091,7.70,0.09,0.67,199.00,41.09,1989.00,221.00,7.12
198906019096,8.10,0.09,0.67,68.00,41.42,1989.00,222.00,5.04
198906019103,8.10,0.09,0.67,84.00,42.09,1989.00,224.00,4.32
198906019104,7.90,0.09,0.67,68.00,42.43,1989.00,225.00,3.57
198906019111,7.70,0.09,0.67,99.00,42.92,1989.00,226.00,4.25
198906019112,7.40,0.09,0.67,88.00,43.42,1989.00,227.00,3.12
198906019115,7.40,0.09,0.67,192.00,43.41,1989.00,227.00,4.12
198906019120,7.30,0.09,0.67,104.00,43.74,1989.00,228.00,3.93
198906019121,7.40,0.09,0.67,60.00,44.09,1989.00,228.00,1.89
198906019135,7.50,0.09,0.67,70.00,44.41,1989.00,230.00,2.16
198906019136,7.30,0.09,0.67,84.00,44.75,1989.00,231.00,2.31
198906019148,7.20,0.09,0.67,88.00,45.07,1989.00,232.00,2.00
198906019157,7.20,0.09,0.67,95.00,45.41,1989.00,233.00,2.83
198906019161,7.30,0.09,0.67,70.00,45.76,1989.00,236.00,2.34
198906019177,7.50,0.09,0.67,64.00,46.08,1989.00,239.00,3.15
198906019191,7.50,0.09,0.67,59.00,46.42,1989.00,242.00,4.12
198906019196,6.70,0.05,0.65,144.00,46.49,1989.00,243.00,4.95
198906019199,7.40,0.05,0.65,62.00,46.75,1989.00,244.00,4.37
198906019203,6.80,0.05,0.65,155.00,46.74,1989.00,244.00,4.96
198906019204,6.80,0.05,0.65,192.00,46.73,1989.00,244.00,3.85
198906019205,6.90,0.05,0.65,168.00,47.12,1989.00,245.00,3.60
198906019210,7.30,0.05,0.65,77.00,47.11,1989.00,246.00,2.23
198906019211,7.20,0.05,0.65,77.00,47.42,1989.00,246.00,2.83
198906019213,6.70,0.05,0.65,124.00,47.44,1989.00,247.00,4.39
198906019215,7.00,0.05,0.65,190.00,47.75,1989.00,247.00,5.64
198906019219,7.60,0.05,0.65,60.00,47.74,1989.00,248.00,3.07
199206037009,8.50,1.44,-1.25,161.00,41.25,1992.00,236.00,6.56
199206037010,8.80,1.44,-1.25,93.00,41.25,1992.00,236.00,5.81
199206037011,9.10,1.44,-1.25,70.00,41.25,1992.00,236.00,4.81
199206037012,9.00,1.44,-1.25,71.00,41.57,1992.00,237.00,5.41
199206037013,8.80,1.44,-1.25,97.00,41.59,1992.00,237.00,5.65
199206037014,8.60,1.44,-1.25,128.00,41.58,1992.00,237.00,5.37
199206037017,8.60,1.44,-1.25,117.00,41.91,1992.00,237.00,4.81
199206037018,9.00,1.44,-1.25,79.00,41.92,1992.00,238.00,4.65
199206037019,9.20,1.44,-1.25,64.00,41.92,1992.00,238.00,4.63
199206037020,8.90,1.44,-1.25,97.00,42.25,1992.00,239.00,4.69
199206037021,8.60,1.44,-1.25,134.00,42.23,1992.00,239.00,5.01
199206037024,8.60,1.44,-1.25,143.00,42.58,1992.00,240.00,3.86
199206037025,8.70,1.44,-1.25,108.00,42.57,1992.00,240.00,3.41
199206037026,8.80,1.44,-1.25,64.00,42.59,1992.00,240.00,3.25
199206037027,8.60,1.44,-1.25,119.00,42.71,1992.00,240.00,3.99
199206037029,8.70,1.44,-1.25,79.00,42.73,1992.00,240.00,3.68
199206037030,8.50,1.44,-1.25,68.00,43.06,1992.00,241.00,1.37
199206037031,8.50,1.44,-1.25,104.00,43.05,1992.00,241.00,3.69
199206037032,8.50,1.44,-1.25,123.00,43.07,1992.00,241.00,4.58
199206037035,8.40,1.44,-1.25,159.00,43.25,1992.00,242.00,4.70
199206037038,8.30,1.44,-1.25,174.00,43.57,1992.00,242.00,4.83
199206037039,8.30,1.44,-1.25,139.00,43.57,1992.00,242.00,3.79
199206037041,8.30,1.44,-1.25,82.00,43.60,1992.00,242.00,3.28
199206037042,8.50,0.83,-0.95,82.00,43.92,1992.00,243.00,2.67
199206037043,8.40,0.83,-0.95,102.00,43.91,1992.00,243.00,3.08
199206037044,8.00,0.83,-0.95,128.00,43.93,1992.00,243.00,3.30
199206037045,8.10,0.83,-0.95,141.00,43.92,1992.00,243.00,3.85
199206037050,8.30,0.83,-0.95,119.00,44.25,1992.00,244.00,2.27
199206037052,8.30,0.83,-0.95,101.00,44.25,1992.00,244.00,2.12
199206037053,8.40,0.83,-0.95,93.00,44.25,1992.00,244.00,2.04
199206037054,8.40,0.83,-0.95,86.00,44.24,1992.00,244.00,1.80
199206037055,8.40,0.83,-0.95,77.00,44.23,1992.00,244.00,1.50
199206037056,8.20,0.83,-0.95,79.00,44.58,1992.00,245.00,1.36
199206037057,8.20,0.83,-0.95,77.00,44.57,1992.00,245.00,1.61
199206037059,7.90,0.83,-0.95,190.00,44.57,1992.00,245.00,4.31
199206037063,8.20,0.83,-0.95,146.00,44.84,1992.00,246.00,3.43
199206037064,8.30,0.83,-0.95,132.00,44.83,1992.00,246.00,3.14
199206037065,8.30,0.83,-0.95,115.00,44.83,1992.00,246.00,2.64
199206037066,8.30,0.83,-0.95,71.00,44.83,1992.00,246.00,1.97
199206037067,8.20,0.83,-0.95,60.00,44.83,1992.00,246.00,1.66
199206037068,8.20,0.83,-0.95,101.00,44.92,1992.00,246.00,2.55
199206037069,8.10,0.83,-0.95,124.00,44.91,1992.00,246.00,2.85
199206037070,8.20,0.83,-0.95,148.00,44.93,1992.00,246.00,3.34
199206037071,8.10,0.83,-0.95,165.00,44.90,1992.00,246.00,3.43
199206037073,8.10,0.83,-0.95,161.00,45.00,1992.00,247.00,3.83
199206037074,8.10,0.83,-0.95,137.00,45.00,1992.00,247.00,3.25
199206037075,8.20,0.83,-0.95,95.00,45.00,1992.00,247.00,1.91
199206037076,8.20,0.83,-0.95,104.00,45.17,1992.00,247.00,2.75
199206037077,8.20,0.83,-0.95,137.00,45.16,1992.00,247.00,3.16
199206037078,8.00,0.83,-0.95,165.00,45.17,1992.00,247.00,3.70
199206037080,8.30,0.83,-0.95,86.00,45.25,1992.00,248.00,2.72
199206037081,8.10,0.83,-0.95,124.00,45.25,1992.00,248.00,3.20
199206037082,8.10,0.83,-0.95,157.00,45.25,1992.00,248.00,3.61
199206037083,8.00,0.83,-0.95,161.00,45.35,1992.00,248.00,4.12
199206037084,8.30,0.83,-0.95,99.00,45.33,1992.00,248.00,3.02
199206037085,8.40,0.83,-0.95,71.00,45.32,1992.00,248.00,2.67
199206037086,8.20,0.83,-0.95,101.00,45.58,1992.00,248.00,2.71
199206037087,8.10,0.83,-0.95,126.00,45.57,1992.00,248.00,3.29
199206037088,7.90,0.83,-0.95,159.00,45.58,1992.00,248.00,4.07
199206037089,7.70,0.83,-0.95,187.00,45.56,1992.00,249.00,4.08
199206037090,7.70,0.83,-0.95,192.00,45.58,1992.00,249.00,4.10
199206037092,8.00,0.83,-0.95,157.00,45.67,1992.00,249.00,4.49
199206037093,8.10,0.83,-0.95,144.00,45.64,1992.00,249.00,4.14
199206037094,8.10,0.83,-0.95,119.00,45.64,1992.00,249.00,3.37
199206037095,8.10,0.83,-0.95,97.00,45.67,1992.00,249.00,2.59
199206037096,8.30,0.83,-0.95,75.00,45.66,1992.00,249.00,2.26
199206037097,8.30,0.83,-0.95,70.00,45.91,1992.00,250.00,2.98
199206037098,8.20,0.83,-0.95,82.00,45.91,1992.00,250.00,3.12
199206037099,8.00,0.83,-0.95,99.00,45.91,1992.00,250.00,3.47
199206037100,7.90,0.83,-0.95,126.00,45.91,1992.00,250.00,4.39
199206037101,7.70,0.83,-0.95,143.00,45.91,1992.00,250.00,5.78
199206037102,7.60,0.83,-0.95,148.00,45.90,1992.00,250.00,6.55
199206037103,7.60,0.83,-0.95,154.00,45.90,1992.00,250.00,5.98
199206037105,7.80,0.83,-0.95,177.00,46.01,1992.00,251.00,4.56
199206037106,7.60,0.83,-0.95,154.00,45.99,1992.00,251.00,5.50
199206037107,7.70,0.83,-0.95,146.00,46.00,1992.00,251.00,5.91
199206037108,7.80,0.83,-0.95,139.00,45.99,1992.00,251.00,5.56
199206037109,7.80,0.83,-0.95,130.00,46.00,1992.00,251.00,5.33
199206037110,7.80,0.83,-0.95,123.00,45.99,1992.00,251.00,4.99
199206037111,7.90,0.83,-0.95,91.00,46.00,1992.00,251.00,3.07
199206037112,7.80,0.83,-0.95,73.00,46.25,1992.00,252.00,4.35
199206037113,7.50,0.83,-0.95,117.00,46.23,1992.00,252.00,4.32
199206037114,7.50,0.83,-0.95,141.00,46.23,1992.00,252.00,4.78
199206037116,8.00,0.83,-0.95,57.00,46.33,1992.00,253.00,3.98
199206037117,7.70,0.83,-0.95,123.00,46.31,1992.00,253.00,5.11
199206037118,7.50,0.83,-0.95,132.00,46.32,1992.00,253.00,4.66
199206037119,7.70,0.83,-0.95,134.00,46.33,1992.00,253.00,3.06
199206037120,7.80,0.83,-0.95,159.00,46.33,1992.00,253.00,2.96
199206037121,7.60,0.83,-0.95,137.00,46.49,1992.00,253.00,4.84
199206037122,7.90,0.83,-0.95,88.00,46.49,1992.00,253.00,4.84
199206037123,8.00,0.83,-0.95,59.00,46.49,1992.00,253.00,4.59
199206037124,8.00,0.83,-0.95,55.00,46.57,1992.00,254.00,4.63
199206037125,7.90,0.83,-0.95,88.00,46.57,1992.00,254.00,4.97
199206037126,7.70,0.83,-0.95,126.00,46.60,1992.00,254.00,5.38
199206037127,7.60,0.83,-0.95,183.00,46.58,1992.00,254.00,6.08
199206037129,7.90,0.83,-0.95,73.00,46.92,1992.00,257.00,2.65
199206037130,7.80,0.83,-0.95,97.00,46.90,1992.00,257.00,4.73
199206037131,7.80,0.83,-0.95,108.00,46.90,1992.00,257.00,5.45
199206037132,7.60,0.83,-0.95,132.00,46.92,1992.00,257.00,5.49
199206037133,7.50,0.83,-0.95,148.00,46.90,1992.00,257.00,5.48
199206037136,7.80,0.83,-0.95,71.00,47.23,1992.00,258.00,1.95
199206037137,7.80,0.83,-0.95,93.00,47.25,1992.00,258.00,3.06
199206037138,7.80,0.83,-0.95,124.00,47.26,1992.00,258.00,4.00
199206037139,7.70,0.83,-0.95,144.00,47.24,1992.00,258.00,4.37
199206037140,7.20,0.83,-0.95,198.00,47.58,1992.00,258.00,5.10
199206037141,7.50,0.83,-0.95,166.00,47.57,1992.00,258.00,4.90
199206037142,7.60,0.83,-0.95,132.00,47.57,1992.00,259.00,4.55
199206037143,7.70,0.83,-0.95,117.00,47.57,1992.00,259.00,4.27
199206037144,7.80,0.83,-0.95,66.00,47.58,1992.00,259.00,3.03
199206037145,7.60,0.83,-0.95,60.00,47.74,1992.00,259.00,3.11
199206037146,7.70,0.83,-0.95,75.00,47.75,1992.00,259.00,3.24
199206037147,7.80,0.83,-0.95,119.00,47.74,1992.00,259.00,4.87
199206037148,7.60,0.83,-0.95,148.00,47.74,1992.00,259.00,5.41
199206037149,7.40,0.83,-0.95,176.00,47.74,1992.00,259.00,5.58
199206037150,7.60,0.83,-0.95,71.00,47.89,1992.00,260.00,3.48
199206037151,7.60,0.83,-0.95,99.00,47.90,1992.00,260.00,4.73
199206037152,7.60,0.83,-0.95,123.00,47.91,1992.00,260.00,5.48
199206037153,7.60,0.83,-0.95,152.00,47.90,1992.00,260.00,5.87
199206037159,7.60,0.83,-0.95,144.00,47.99,1992.00,261.00,6.04
199206037160,7.60,0.83,-0.95,117.00,47.99,1992.00,261.00,5.48
199206037162,7.60,0.83,-0.95,97.00,48.00,1992.00,262.00,4.98
199206083183,8.50,1.44,-1.25,187.00,41.08,1992.00,236.00,6.97
199206083184,8.50,1.44,-1.25,165.00,41.08,1992.00,236.00,6.85
199206083186,9.20,1.44,-1.25,66.00,41.41,1992.00,237.00,5.15
199206083192,8.70,1.44,-1.25,110.00,41.74,1992.00,238.00,5.72
199206083194,9.00,1.44,-1.25,77.00,42.08,1992.00,239.00,4.31
199206083195,8.90,1.44,-1.25,102.00,42.08,1992.00,239.00,4.43
199206083196,8.70,1.44,-1.25,119.00,42.08,1992.00,239.00,4.53
199206083199,7.20,1.44,-1.25,86.00,42.41,1992.00,240.00,3.72
199206083204,8.70,1.44,-1.25,113.00,42.92,1992.00,241.00,4.35
199206083210,8.30,1.44,-1.25,177.00,43.73,1992.00,242.00,4.13
199206083211,8.40,0.83,-0.95,102.00,43.75,1992.00,243.00,3.90
199206083212,8.30,0.83,-0.95,112.00,43.73,1992.00,243.00,3.83
199206083213,8.20,0.83,-0.95,134.00,43.74,1992.00,243.00,3.94
199206083215,8.20,0.83,-0.95,95.00,44.06,1992.00,243.00,2.89
199206083216,8.00,0.83,-0.95,110.00,44.06,1992.00,243.00,3.31
199206083217,8.60,0.83,-0.95,57.00,44.08,1992.00,244.00,1.89
199206083218,8.60,0.83,-0.95,82.00,44.07,1992.00,244.00,2.01
199206083219,8.30,0.83,-0.95,113.00,44.07,1992.00,244.00,2.85
199206083221,8.10,0.83,-0.95,128.00,44.07,1992.00,244.00,4.39
199206083222,8.10,0.83,-0.95,128.00,44.07,1992.00,244.00,4.21
199206083223,8.30,0.83,-0.95,66.00,44.40,1992.00,245.00,2.06
199206083224,8.40,0.83,-0.95,77.00,44.41,1992.00,245.00,1.73
199206083225,8.20,0.83,-0.95,113.00,44.41,1992.00,245.00,1.66
199206083228,8.10,0.83,-0.95,159.00,44.41,1992.00,245.00,2.51
199206083229,8.20,0.83,-0.95,128.00,44.40,1992.00,245.00,2.27
199206083230,8.20,0.83,-0.95,84.00,44.41,1992.00,246.00,1.21
199206083231,8.30,0.83,-0.95,102.00,44.42,1992.00,246.00,1.16
199206083232,8.20,0.83,-0.95,82.00,44.74,1992.00,247.00,2.33
199206083233,8.30,0.83,-0.95,102.00,44.74,1992.00,247.00,2.70
199206083234,8.40,0.83,-0.95,115.00,44.74,1992.00,247.00,2.99
199206083235,8.30,0.83,-0.95,137.00,44.74,1992.00,247.00,3.41
199206083236,8.00,0.83,-0.95,165.00,44.74,1992.00,247.00,3.99
199206083239,8.30,0.83,-0.95,84.00,45.07,1992.00,248.00,2.00
199206083240,8.10,0.83,-0.95,126.00,45.07,1992.00,248.00,2.92
199206083245,8.30,0.83,-0.95,91.00,45.40,1992.00,249.00,2.89
199206083246,8.10,0.83,-0.95,124.00,45.41,1992.00,249.00,3.47
199206083247,8.00,0.83,-0.95,152.00,45.41,1992.00,249.00,4.01
199206083248,7.90,0.83,-0.95,172.00,45.42,1992.00,249.00,4.40
199206083250,7.90,0.83,-0.95,161.00,45.50,1992.00,249.00,4.16
199206083251,8.10,0.83,-0.95,128.00,45.49,1992.00,249.00,3.43
199206083252,8.30,0.83,-0.95,95.00,45.49,1992.00,249.00,2.48
199206083253,8.30,0.83,-0.95,75.00,45.49,1992.00,249.00,2.19
199206083254,8.40,0.83,-0.95,71.00,45.74,1992.00,250.00,2.25
199206083256,8.00,0.83,-0.95,139.00,45.75,1992.00,250.00,4.38
199206083258,7.90,0.83,-0.95,152.00,45.74,1992.00,250.00,5.02
199206083259,7.30,0.83,-0.95,198.00,45.73,1992.00,250.00,3.58
199206083262,8.30,0.83,-0.95,68.00,45.81,1992.00,251.00,2.70
199206083263,8.30,0.83,-0.95,90.00,45.82,1992.00,251.00,3.15
199206083264,8.00,0.83,-0.95,113.00,45.82,1992.00,251.00,3.89
199206083265,7.90,0.83,-0.95,135.00,45.83,1992.00,251.00,4.99
199206083266,7.70,0.83,-0.95,150.00,45.83,1992.00,251.00,6.24
199206083267,7.60,0.83,-0.95,154.00,45.83,1992.00,251.00,6.06
199206083268,7.80,0.83,-0.95,176.00,45.74,1992.00,251.00,4.75
199206083270,7.80,0.83,-0.95,174.00,45.82,1992.00,251.00,2.55
199206083271,7.70,0.83,-0.95,66.00,46.07,1992.00,252.00,3.23
199206083272,7.90,0.83,-0.95,88.00,46.08,1992.00,252.00,3.46
199206083273,7.80,0.83,-0.95,123.00,46.07,1992.00,252.00,4.44
199206083274,7.80,0.83,-0.95,135.00,46.07,1992.00,252.00,4.61
199206083275,7.70,0.83,-0.95,143.00,46.06,1992.00,252.00,4.88
199206083276,7.70,0.83,-0.95,144.00,46.08,1992.00,252.00,4.69
199206083277,7.70,0.83,-0.95,179.00,46.08,1992.00,252.00,4.99
199206083279,7.70,0.83,-0.95,165.00,46.14,1992.00,252.00,4.47
199206083280,7.60,0.83,-0.95,139.00,46.16,1992.00,253.00,4.03
199206083281,7.60,0.83,-0.95,128.00,46.16,1992.00,253.00,4.36
199206083282,7.90,0.83,-0.95,95.00,46.15,1992.00,253.00,4.23
199206083283,7.90,0.83,-0.95,73.00,46.17,1992.00,253.00,3.43
199206083284,7.80,0.83,-0.95,66.00,46.41,1992.00,254.00,4.71
199206083285,7.80,0.83,-0.95,108.00,46.41,1992.00,254.00,4.57
199206083286,7.60,0.83,-0.95,126.00,46.42,1992.00,254.00,4.45
199206083287,7.80,0.83,-0.95,148.00,46.40,1992.00,254.00,3.91
199206083289,7.80,0.83,-0.95,64.00,46.72,1992.00,257.00,4.45
199206083290,7.70,0.83,-0.95,77.00,46.75,1992.00,257.00,4.90
199206083291,7.70,0.83,-0.95,95.00,46.73,1992.00,258.00,5.19
199206083292,7.20,0.83,-0.95,192.00,46.75,1992.00,258.00,3.43
199206083293,7.50,0.83,-0.95,161.00,46.73,1992.00,258.00,4.55
199206083294,7.60,0.83,-0.95,137.00,46.73,1992.00,258.00,5.06
199206083295,7.80,0.83,-0.95,75.00,47.08,1992.00,259.00,2.41
199206083296,7.80,0.83,-0.95,99.00,47.06,1992.00,259.00,3.95
199206083297,7.50,0.83,-0.95,115.00,47.07,1992.00,259.00,4.49
199206083298,7.50,0.83,-0.95,135.00,47.07,1992.00,259.00,4.51
199206083300,7.50,0.83,-0.95,150.00,47.07,1992.00,259.00,4.16
199206083301,7.70,0.83,-0.95,84.00,47.41,1992.00,260.00,3.29
199206083302,7.70,0.83,-0.95,99.00,47.41,1992.00,260.00,3.94
199506016123,7.60,1.71,-1.50,198.00,41.06,1995.00,187.00,6.90
199506016124,7.80,1.71,-1.50,161.00,41.10,1995.00,187.00,6.92
199506016125,8.10,1.71,-1.50,108.00,41.06,1995.00,187.00,6.06
199506016126,8.10,1.71,-1.50,70.00,41.40,1995.00,188.00,5.22
199506016127,8.00,1.71,-1.50,82.00,41.41,1995.00,188.00,5.44
199506016128,7.90,1.71,-1.50,96.00,41.40,1995.00,188.00,5.51
199506016129,7.80,1.71,-1.50,121.00,41.41,1995.00,188.00,5.50
199506016132,7.90,1.71,-1.50,111.00,41.74,1995.00,189.00,5.75
199506016136,8.20,1.71,-1.50,64.00,41.92,1995.00,190.00,4.58
199506016137,8.20,1.71,-1.50,79.00,41.93,1995.00,190.00,4.62
199506016138,7.90,1.71,-1.50,114.00,41.92,1995.00,190.00,4.70
199506016139,7.20,1.71,-1.50,194.00,41.94,1995.00,190.00,4.53
199506016142,7.90,1.71,-1.50,115.00,42.06,1995.00,193.00,4.51
199506016143,7.90,1.71,-1.50,98.00,42.07,1995.00,194.00,4.41
199506016144,8.20,1.71,-1.50,80.00,42.06,1995.00,194.00,4.24
199506016147,8.20,1.71,-1.50,67.00,42.43,1995.00,195.00,3.56
199506016148,8.00,1.71,-1.50,80.00,42.41,1995.00,195.00,3.74
199506016149,6.90,1.71,-1.50,198.00,42.71,1995.00,195.00,4.43
199506016151,7.40,1.71,-1.50,82.00,42.73,1995.00,196.00,3.81
199506016152,7.10,1.71,-1.50,127.00,42.70,1995.00,196.00,3.96
199506016154,7.90,1.71,-1.50,68.00,43.07,1995.00,196.00,1.08
199506016155,7.10,1.71,-1.50,105.00,43.05,1995.00,196.00,3.55
199506016156,7.00,1.71,-1.50,127.00,43.06,1995.00,196.00,4.54
199506016161,6.90,1.71,-1.50,197.00,43.39,1995.00,197.00,4.40
199506016162,7.60,1.71,-1.50,121.00,43.40,1995.00,198.00,3.15
199506016164,7.80,1.71,-1.50,106.00,43.43,1995.00,198.00,3.06
199506016165,7.80,1.71,-1.50,91.00,43.43,1995.00,198.00,3.37
199506016166,7.20,1.71,-1.50,176.00,43.73,1995.00,198.00,4.15
199506016174,7.40,1.71,-1.50,94.00,44.07,1995.00,200.00,2.67
199506016175,7.20,1.71,-1.50,116.00,44.06,1995.00,200.00,3.29
199506016176,7.20,1.71,-1.50,127.00,44.08,1995.00,200.00,3.80
199506016177,7.20,1.71,-1.50,129.00,44.07,1995.00,200.00,4.31
199506016178,7.40,1.71,-1.50,120.00,44.07,1995.00,201.00,3.32
199506016179,7.30,1.71,-1.50,111.00,44.09,1995.00,201.00,2.66
199506016180,7.70,1.71,-1.50,84.00,44.07,1995.00,201.00,2.00
199506016181,7.90,1.71,-1.50,60.00,44.07,1995.00,201.00,1.89
199506016182,7.50,1.71,-1.50,70.00,44.40,1995.00,201.00,2.11
199506016183,7.60,1.71,-1.50,107.00,44.42,1995.00,201.00,1.17
199506016185,7.40,1.71,-1.50,158.00,44.41,1995.00,202.00,2.51
199506016186,7.50,1.71,-1.50,132.00,44.39,1995.00,202.00,2.50
199506016187,7.40,1.71,-1.50,116.00,44.42,1995.00,202.00,1.65
199506016188,7.50,1.71,-1.50,80.00,44.73,1995.00,203.00,2.36
199506016189,7.50,1.71,-1.50,105.00,44.76,1995.00,203.00,2.64
199506016190,7.40,1.71,-1.50,119.00,44.76,1995.00,203.00,3.07
199506016191,7.40,1.71,-1.50,137.00,44.76,1995.00,203.00,3.39
199506016192,7.20,1.71,-1.50,175.00,44.77,1995.00,203.00,3.88
199506016202,7.20,1.71,-1.50,160.00,45.09,1995.00,205.00,3.66
199506016203,7.40,1.71,-1.50,123.00,45.09,1995.00,205.00,2.91
199506016205,7.50,1.71,-1.50,90.00,45.10,1995.00,205.00,2.23
199506016206,7.50,1.71,-1.50,91.00,45.41,1995.00,206.00,2.83
199506016207,7.40,1.71,-1.50,127.00,45.40,1995.00,206.00,3.56
199506016208,7.20,1.71,-1.50,156.00,45.40,1995.00,206.00,4.06
199506016209,7.10,1.71,-1.50,171.00,45.41,1995.00,206.00,4.37
199506016217,6.90,1.71,-1.50,198.00,45.74,1995.00,208.00,3.41
199506016218,6.90,1.71,-1.50,190.00,45.74,1995.00,208.00,3.91
199506016219,6.90,1.71,-1.50,179.00,45.73,1995.00,208.00,4.68
199506016220,7.00,1.71,-1.50,152.00,45.74,1995.00,208.00,5.02
199506016221,7.30,1.71,-1.50,136.00,45.73,1995.00,208.00,4.11
199506016222,7.40,1.71,-1.50,108.00,45.75,1995.00,209.00,3.09
199506016223,7.70,1.71,-1.50,74.00,45.74,1995.00,209.00,2.33
199506016224,7.20,1.71,-1.50,126.00,46.09,1995.00,209.00,4.37
199506016225,7.00,1.71,-1.50,140.00,46.09,1995.00,209.00,4.48
199506016226,6.90,1.71,-1.50,174.00,46.08,1995.00,209.00,5.10
199506016228,7.00,1.71,-1.50,142.00,46.07,1995.00,210.00,4.78
199506016229,7.10,1.71,-1.50,134.00,46.08,1995.00,210.00,4.36
199506016230,6.90,1.71,-1.50,147.00,46.40,1995.00,210.00,3.85
199506016231,7.50,1.71,-1.50,63.00,46.58,1995.00,211.00,4.64
199506016232,7.20,1.71,-1.50,86.00,46.57,1995.00,211.00,4.93
199506016233,6.80,1.71,-1.50,129.00,46.56,1995.00,211.00,5.57
199506037064,7.90,1.71,-1.50,168.00,41.25,1995.00,189.00,6.56
199506037065,8.10,1.71,-1.50,98.00,41.25,1995.00,189.00,5.81
199506037066,8.40,1.71,-1.50,67.00,41.24,1995.00,189.00,4.52
199506037067,8.20,1.71,-1.50,74.00,41.58,1995.00,190.00,5.33
199506037068,8.10,1.71,-1.50,105.00,41.60,1995.00,190.00,5.53
199506037069,7.90,1.71,-1.50,132.00,41.58,1995.00,190.00,5.40
199506037074,8.00,1.71,-1.50,132.00,42.23,1995.00,193.00,4.94
199506037075,8.10,1.71,-1.50,108.00,42.24,1995.00,193.00,4.69
199506037078,7.60,1.71,-1.50,146.00,42.57,1995.00,194.00,3.87
199506037079,7.90,1.71,-1.50,110.00,42.56,1995.00,194.00,3.38
199506037080,8.10,1.71,-1.50,70.00,42.60,1995.00,194.00,3.23
199506037082,7.70,1.71,-1.50,145.00,42.90,1995.00,195.00,4.40
199506037092,7.90,1.71,-1.50,76.00,43.56,1995.00,198.00,2.93
199506037093,7.70,1.71,-1.50,102.00,43.57,1995.00,198.00,4.46
199506037094,7.40,1.71,-1.50,144.00,43.59,1995.00,198.00,3.93
199506037095,7.30,1.71,-1.50,175.00,43.58,1995.00,198.00,4.95
199506037096,7.60,1.71,-1.50,106.00,43.74,1995.00,198.00,3.94
199506037097,7.50,1.71,-1.50,116.00,43.74,1995.00,198.00,3.81
199506037098,7.20,1.71,-1.50,167.00,43.73,1995.00,198.00,4.05
199506037099,7.60,1.71,-1.50,88.00,43.92,1995.00,199.00,2.68
199506037100,7.50,1.71,-1.50,101.00,43.91,1995.00,199.00,2.94
199506037101,7.50,1.71,-1.50,131.00,43.91,1995.00,199.00,3.33
199506037102,7.40,1.71,-1.50,147.00,43.91,1995.00,199.00,3.89
199506037103,7.10,1.71,-1.50,199.00,43.91,1995.00,199.00,4.24
199506037104,7.60,1.71,-1.50,87.00,44.24,1995.00,199.00,1.72
199506037105,7.60,1.71,-1.50,76.00,44.22,1995.00,199.00,1.41
199506037106,7.40,1.71,-1.50,95.00,44.25,1995.00,200.00,2.03
199506037107,7.40,1.71,-1.50,104.00,44.25,1995.00,200.00,2.11
199506037108,7.30,1.71,-1.50,103.00,44.24,1995.00,200.00,2.32
199506037109,7.60,1.71,-1.50,132.00,44.26,1995.00,200.00,2.41
199506037118,7.10,1.71,-1.50,174.00,44.56,1995.00,201.00,3.63
199506037119,7.50,1.71,-1.50,81.00,44.55,1995.00,201.00,2.04
199506037120,7.50,1.71,-1.50,79.00,44.57,1995.00,202.00,1.50
199506037121,7.50,1.71,-1.50,80.00,44.40,1995.00,202.00,1.83
199506037124,7.30,1.71,-1.50,175.00,44.92,1995.00,203.00,3.39
199506037125,7.30,1.71,-1.50,145.00,44.90,1995.00,203.00,3.16
199506037126,7.50,1.71,-1.50,125.00,44.90,1995.00,203.00,2.82
199506037127,7.50,1.71,-1.50,99.00,44.91,1995.00,203.00,2.47
199506037137,7.20,1.71,-1.50,163.00,45.24,1995.00,205.00,3.64
199506037138,7.30,1.71,-1.50,129.00,45.23,1995.00,205.00,3.15
199506037139,7.50,1.71,-1.50,92.00,45.23,1995.00,205.00,2.70
199506037140,7.60,1.71,-1.50,106.00,45.58,1995.00,206.00,2.75
199506037141,7.50,1.71,-1.50,129.00,45.58,1995.00,206.00,3.38
199506037142,7.10,1.71,-1.50,164.00,45.58,1995.00,206.00,4.13
199506037143,7.10,1.71,-1.50,183.00,45.57,1995.00,207.00,4.09
199506037144,7.10,1.71,-1.50,192.00,45.57,1995.00,207.00,4.09
199506037149,7.00,1.71,-1.50,155.00,45.90,1995.00,207.00,5.91
199506037150,7.80,1.71,-1.50,76.00,45.92,1995.00,208.00,3.03
199506037151,7.70,1.71,-1.50,83.00,45.91,1995.00,208.00,3.13
199506037152,7.60,1.71,-1.50,102.00,45.92,1995.00,208.00,3.47
199506037153,7.40,1.71,-1.50,128.00,45.90,1995.00,208.00,4.19
199506037154,7.20,1.71,-1.50,146.00,45.90,1995.00,208.00,5.84
199506037155,7.00,1.71,-1.50,152.00,45.90,1995.00,208.00,6.57
199506037156,7.60,1.71,-1.50,92.00,46.06,1995.00,208.00,3.29
199506037157,7.70,1.71,-1.50,71.00,46.08,1995.00,208.00,3.18
199506037160,6.80,1.71,-1.50,152.00,46.25,1995.00,209.00,5.63
199506037161,7.00,1.71,-1.50,116.00,46.22,1995.00,209.00,4.34
199506037162,7.60,1.71,-1.50,80.00,46.23,1995.00,209.00,4.08
199506037163,7.70,1.71,-1.50,68.00,46.40,1995.00,210.00,4.65
199506037164,7.30,1.71,-1.50,104.00,46.40,1995.00,210.00,4.56
199506037165,7.10,1.71,-1.50,122.00,46.40,1995.00,210.00,4.23
199506037169,7.50,0.21,-1.01,66.00,46.75,1995.00,212.00,4.36
199506037170,7.30,0.21,-1.01,83.00,46.73,1995.00,213.00,4.93
199506037171,7.20,0.21,-1.01,98.00,46.73,1995.00,213.00,5.14
199506037172,7.10,0.21,-1.01,136.00,46.74,1995.00,213.00,5.07
199506037173,6.90,0.21,-1.01,161.00,46.73,1995.00,213.00,4.69
199506037177,6.80,0.21,-1.01,151.00,46.91,1995.00,214.00,5.43
199506037178,7.00,0.21,-1.01,135.00,46.90,1995.00,214.00,5.59
199506037179,7.10,0.21,-1.01,115.00,46.90,1995.00,214.00,5.49
199506037180,7.40,0.21,-1.01,79.00,46.90,1995.00,216.00,2.85
199506037181,7.10,0.21,-1.01,99.00,46.91,1995.00,216.00,4.71
199506037182,7.10,0.21,-1.01,160.00,47.06,1995.00,216.00,3.93
199506037183,6.90,0.21,-1.01,151.00,47.08,1995.00,216.00,4.20
199506037184,6.90,0.21,-1.01,140.00,47.07,1995.00,216.00,4.55
199506037185,7.10,0.21,-1.01,94.00,47.06,1995.00,217.00,3.55
199506037187,7.00,0.21,-1.01,122.00,47.10,1995.00,219.00,4.70
199506037189,7.00,0.21,-1.01,141.00,47.24,1995.00,219.00,4.29
199506037190,7.20,0.21,-1.01,70.00,47.23,1995.00,220.00,1.84
199506037191,7.10,0.21,-1.01,94.00,47.26,1995.00,220.00,3.05
199506037192,7.10,0.21,-1.01,124.00,47.25,1995.00,220.00,3.91
199506037193,7.10,0.21,-1.01,125.00,47.40,1995.00,220.00,4.60
199506037194,7.10,0.21,-1.01,108.00,47.39,1995.00,220.00,4.00
199506037195,7.20,0.21,-1.01,80.00,47.42,1995.00,220.00,3.04
199506037196,7.60,0.21,-1.01,68.00,47.57,1995.00,220.00,3.02
199506037197,7.10,0.21,-1.01,115.00,47.57,1995.00,221.00,4.21
199506037198,7.10,0.21,-1.01,133.00,47.57,1995.00,221.00,4.52
199506037199,6.90,0.21,-1.01,169.00,47.55,1995.00,221.00,4.84
199506037202,6.80,0.21,-1.01,197.00,47.75,1995.00,221.00,5.71
199506037203,6.90,0.21,-1.01,151.00,47.74,1995.00,221.00,5.39
199506037204,7.40,0.21,-1.01,61.00,47.74,1995.00,222.00,3.08
199506037205,7.30,0.21,-1.01,77.00,47.73,1995.00,222.00,3.33
199506037206,7.10,0.21,-1.01,124.00,47.74,1995.00,222.00,5.00
199506037212,7.00,0.21,-1.01,166.00,47.90,1995.00,223.00,5.98
199506037213,7.10,0.21,-1.01,150.00,47.91,1995.00,223.00,5.86
199506037214,7.30,0.21,-1.01,129.00,47.90,1995.00,223.00,5.49
199506037215,7.20,0.21,-1.01,103.00,47.90,1995.00,223.00,4.73
199506037216,7.70,0.21,-1.01,75.00,47.89,1995.00,223.00,3.49
199806016104,7.90,0.40,0.12,164.00,41.25,1998.00,178.00,6.58
199806016105,8.40,0.40,0.12,95.00,41.25,1998.00,178.00,5.84
199806016106,8.60,0.40,0.12,66.00,41.25,1998.00,178.00,4.49
199806016107,8.60,0.40,0.12,73.00,41.57,1998.00,178.00,5.46
199806016111,8.20,0.40,0.12,129.00,41.58,1998.00,179.00,5.32
199806016112,8.40,0.40,0.12,94.00,41.56,1998.00,179.00,5.53
199806016113,8.60,0.40,0.12,63.00,41.92,1998.00,180.00,4.62
199806016114,8.40,0.40,0.12,77.00,41.92,1998.00,180.00,4.65
199806016115,8.30,0.40,0.12,108.00,41.92,1998.00,180.00,4.72
199806016116,7.50,0.40,0.12,193.00,41.94,1998.00,180.00,4.53
199806016120,8.00,-0.04,0.39,130.00,42.25,1998.00,181.00,4.93
199806016121,8.20,-0.04,0.39,100.00,42.25,1998.00,181.00,4.70
199806016124,8.20,-0.04,0.39,63.00,42.58,1998.00,182.00,3.29
199806016125,8.10,-0.04,0.39,108.00,42.57,1998.00,182.00,3.41
199806016126,7.70,-0.04,0.39,143.00,42.58,1998.00,182.00,3.90
199806016127,7.90,-0.04,0.39,96.00,42.93,1998.00,182.00,4.21
199806016128,7.90,-0.04,0.39,137.00,42.91,1998.00,182.00,4.46
199806016135,7.10,-0.04,0.39,200.00,43.26,1998.00,184.00,4.63
199806016136,7.70,-0.04,0.39,119.00,43.27,1998.00,184.00,4.22
199806016137,7.90,-0.04,0.39,77.00,43.28,1998.00,184.00,3.12
199806016138,7.90,-0.04,0.39,76.00,43.56,1998.00,184.00,3.12
199806016139,7.70,-0.04,0.39,97.00,43.54,1998.00,185.00,4.21
199806016140,7.50,-0.04,0.39,137.00,43.58,1998.00,185.00,3.78
199806016141,7.50,-0.04,0.39,168.00,43.58,1998.00,185.00,4.81
199806016146,6.80,-0.04,0.39,196.00,43.91,1998.00,186.00,4.49
199806016147,7.00,-0.04,0.39,189.00,43.90,1998.00,186.00,4.19
199806016148,7.10,-0.04,0.39,139.00,43.92,1998.00,186.00,3.77
199806016149,7.40,-0.04,0.39,126.00,43.92,1998.00,186.00,3.30
199806016150,7.40,-0.04,0.39,103.00,43.91,1998.00,187.00,3.12
199806016151,7.60,-0.04,0.39,82.00,43.91,1998.00,187.00,2.56
199806016152,7.90,-0.04,0.39,74.00,44.24,1998.00,187.00,1.41
199806016153,8.10,-0.04,0.39,85.00,44.25,1998.00,187.00,1.76
199806016154,8.10,-0.04,0.39,92.00,44.25,1998.00,187.00,2.02
199806016155,7.90,-0.04,0.39,100.00,44.25,1998.00,187.00,1.95
199806016156,8.00,-0.04,0.39,101.00,44.24,1998.00,187.00,2.42
199806016157,8.00,-0.04,0.39,166.00,44.28,1998.00,188.00,3.03
199806016163,7.00,-0.04,0.39,164.00,44.56,1998.00,189.00,3.49
199806016164,7.90,-0.04,0.39,80.00,44.57,1998.00,190.00,1.56
199806016165,8.10,-0.04,0.39,79.00,44.57,1998.00,190.00,1.58
199806016166,7.80,-0.04,0.39,119.00,44.55,1998.00,191.00,2.04
199806016176,7.30,-0.04,0.39,167.00,44.90,1998.00,193.00,3.48
199806016178,7.80,-0.04,0.39,121.00,44.90,1998.00,193.00,2.80
199806016179,7.90,-0.04,0.39,99.00,44.91,1998.00,193.00,2.51
199806016180,7.00,-0.04,0.39,162.00,45.25,1998.00,193.00,3.68
199806016181,7.80,-0.04,0.39,91.00,45.25,1998.00,193.00,2.69
199806016182,7.40,-0.04,0.39,129.00,45.24,1998.00,194.00,3.20
199806016190,7.20,-0.04,0.39,192.00,45.57,1998.00,195.00,4.09
199806016191,7.40,-0.04,0.39,172.00,45.59,1998.00,195.00,4.13
199806016192,7.50,-0.04,0.39,159.00,45.57,1998.00,195.00,4.12
199806016193,7.90,-0.04,0.39,119.00,45.57,1998.00,195.00,3.17
199806016194,8.00,-0.04,0.39,99.00,45.58,1998.00,196.00,2.69
199806016195,8.50,-0.04,0.39,72.00,45.74,1998.00,196.00,2.25
199806016196,8.20,-0.04,0.39,70.00,45.90,1998.00,196.00,2.98
199806016197,7.90,-0.04,0.39,81.00,45.90,1998.00,196.00,3.11
199806016198,7.40,-0.04,0.39,121.00,45.90,1998.00,196.00,4.17
199806016199,7.30,-0.04,0.39,140.00,45.91,1998.00,198.00,5.71
199806016200,7.40,-0.04,0.39,144.00,45.91,1998.00,198.00,6.55
199806016201,7.40,-0.04,0.39,151.00,45.89,1998.00,198.00,5.90
199806016207,7.80,-0.04,0.39,76.00,46.25,1998.00,200.00,4.24
199806016208,8.00,-0.04,0.39,61.00,46.57,1998.00,200.00,4.66
199806016209,7.80,-0.04,0.39,91.00,46.56,1998.00,200.00,4.87
199806016211,7.10,-0.04,0.39,195.00,46.58,1998.00,200.00,5.96
199806016213,7.70,-0.04,0.39,82.00,46.90,1998.00,210.00,3.05
199806016214,7.70,-0.04,0.39,98.00,46.91,1998.00,210.00,4.69
199806016216,7.60,-0.04,0.39,111.00,46.90,1998.00,210.00,5.34
199806016217,7.40,-0.04,0.39,134.00,46.91,1998.00,210.00,5.52
199806016218,7.40,-0.04,0.39,148.00,46.91,1998.00,210.00,5.53
199806016219,7.40,-0.04,0.39,159.00,47.05,1998.00,211.00,4.00
199806016220,7.40,-0.04,0.39,149.00,47.09,1998.00,211.00,4.18
199806016221,7.40,-0.04,0.39,137.00,47.09,1998.00,211.00,4.63
199806016223,7.90,-0.04,0.39,83.00,47.10,1998.00,211.00,2.32
199806016226,7.40,-0.22,0.27,142.00,47.24,1998.00,212.00,4.28
199806016227,7.40,-0.22,0.27,125.00,47.23,1998.00,212.00,3.98
199806016228,7.70,-0.22,0.27,94.00,47.24,1998.00,212.00,2.93
199806016229,7.90,-0.22,0.27,72.00,47.23,1998.00,213.00,1.71
199806016230,7.60,-0.22,0.27,106.00,47.40,1998.00,213.00,3.93
199806023093,7.60,0.40,0.12,191.00,41.07,1998.00,177.00,6.93
199806023094,8.10,0.40,0.12,168.00,41.07,1998.00,177.00,6.76
199806023095,8.50,0.40,0.12,103.00,41.08,1998.00,178.00,6.03
199806023097,8.30,0.40,0.12,117.00,41.40,1998.00,178.00,5.52
199806023098,8.50,0.40,0.12,94.00,41.41,1998.00,178.00,5.51
199806023099,8.50,0.40,0.12,82.00,41.41,1998.00,178.00,5.41
199806023100,8.50,0.40,0.12,68.00,41.41,1998.00,179.00,5.15
199806023103,8.40,0.40,0.12,107.00,41.74,1998.00,179.00,5.71
199806023104,8.50,0.40,0.12,77.00,41.74,1998.00,179.00,5.57
199806023107,8.10,0.40,0.12,115.00,42.08,1998.00,180.00,4.53
199806023108,8.20,0.40,0.12,101.00,42.07,1998.00,180.00,4.42
199806023109,8.40,0.40,0.12,81.00,42.08,1998.00,180.00,4.30
199806023112,8.50,-0.04,0.39,79.00,42.41,1998.00,181.00,3.69
199806023113,8.60,-0.04,0.39,63.00,42.43,1998.00,181.00,3.55
199806023115,7.40,-0.04,0.39,192.00,42.72,1998.00,182.00,4.45
199806023116,8.00,-0.04,0.39,109.00,42.71,1998.00,182.00,3.87
199806023117,8.30,-0.04,0.39,76.00,42.74,1998.00,182.00,3.71
199806023121,7.70,-0.04,0.39,125.00,43.08,1998.00,183.00,4.76
199806023122,7.90,-0.04,0.39,101.00,43.05,1998.00,183.00,3.56
199806023123,8.00,-0.04,0.39,66.00,43.07,1998.00,183.00,0.61
199806023125,7.40,-0.04,0.39,188.00,43.40,1998.00,184.00,4.16
199806023126,7.60,-0.04,0.39,117.00,43.40,1998.00,184.00,3.07
199806023127,7.80,-0.04,0.39,101.00,43.41,1998.00,184.00,3.02
199806023128,7.80,-0.04,0.39,85.00,43.42,1998.00,184.00,3.07
199806023131,7.40,-0.04,0.39,176.00,43.74,1998.00,185.00,4.14
199806023132,7.60,-0.04,0.39,126.00,43.71,1998.00,185.00,3.77
199806023133,7.60,-0.04,0.39,112.00,43.74,1998.00,185.00,3.83
199806023134,7.70,-0.04,0.39,102.00,43.74,1998.00,185.00,3.91
199806023138,8.40,-0.04,0.39,91.00,44.07,1998.00,186.00,2.63
199806023139,8.10,-0.04,0.39,115.00,44.08,1998.00,186.00,3.52
199806023140,7.30,-0.04,0.39,125.00,44.07,1998.00,186.00,4.25
199806023141,7.40,-0.04,0.39,122.00,44.08,1998.00,187.00,4.36
199806023142,7.20,-0.04,0.39,118.00,44.08,1998.00,187.00,3.74
199806023143,7.30,-0.04,0.39,112.00,44.08,1998.00,187.00,2.82
199806023144,7.60,-0.04,0.39,83.00,44.08,1998.00,187.00,1.97
199806023145,8.30,-0.04,0.39,56.00,44.08,1998.00,187.00,1.89
199806023146,8.10,-0.04,0.39,68.00,44.41,1998.00,187.00,2.17
199806023149,7.40,-0.04,0.39,161.00,44.39,1998.00,188.00,2.88
199806023150,7.80,-0.04,0.39,128.00,44.39,1998.00,188.00,2.53
199806023152,7.90,-0.04,0.39,112.00,44.41,1998.00,188.00,1.52
199806023153,7.70,-0.04,0.39,102.00,44.42,1998.00,189.00,1.17
199806023154,8.50,-0.04,0.39,80.00,44.39,1998.00,189.00,1.88
199806023155,8.00,-0.04,0.39,80.00,44.74,1998.00,190.00,2.34
199806023156,8.10,-0.04,0.39,101.00,44.74,1998.00,190.00,2.69
199806023157,8.00,-0.04,0.39,110.00,44.74,1998.00,190.00,2.96
199806023161,6.90,-0.04,0.39,161.00,44.76,1998.00,191.00,3.96
199806023162,7.70,-0.04,0.39,131.00,44.74,1998.00,191.00,3.43
199806023169,7.30,-0.04,0.39,154.00,45.07,1998.00,193.00,3.73
199806023170,7.80,-0.04,0.39,122.00,45.07,1998.00,193.00,2.93
199806023171,8.10,-0.04,0.39,83.00,45.07,1998.00,193.00,2.00
199806023172,7.80,-0.04,0.39,99.00,45.40,1998.00,193.00,2.91
199806023173,7.70,-0.04,0.39,122.00,45.41,1998.00,194.00,3.50
199806023174,7.50,-0.04,0.39,148.00,45.41,1998.00,194.00,4.05
199806023175,7.40,-0.04,0.39,165.00,45.40,1998.00,194.00,4.37
199806023182,7.30,-0.04,0.39,193.00,45.76,1998.00,195.00,3.12
199806023183,7.40,-0.04,0.39,183.00,45.74,1998.00,195.00,4.21
199806023184,7.40,-0.04,0.39,174.00,45.74,1998.00,195.00,4.76
199806023185,7.40,-0.04,0.39,144.00,45.76,1998.00,196.00,5.08
199806023186,7.60,-0.04,0.39,132.00,45.74,1998.00,196.00,4.09
199806023187,7.90,-0.04,0.39,111.00,45.74,1998.00,196.00,3.29
199806023188,7.60,-0.04,0.39,97.00,45.91,1998.00,196.00,3.45
199806023189,8.30,-0.04,0.39,66.00,46.08,1998.00,198.00,3.12
199806023190,7.90,-0.04,0.39,88.00,46.08,1998.00,198.00,3.43
199806023191,7.60,-0.04,0.39,124.00,46.07,1998.00,198.00,4.44
199806023192,7.50,-0.04,0.39,129.00,46.08,1998.00,198.00,4.56
199806023193,7.50,-0.04,0.39,137.00,46.07,1998.00,198.00,4.69
199806023194,7.50,-0.04,0.39,142.00,46.08,1998.00,198.00,4.67
199806023195,7.40,-0.04,0.39,172.00,46.07,1998.00,199.00,5.06
199806023198,7.40,-0.04,0.39,148.00,46.41,1998.00,199.00,3.90
199806023199,7.70,-0.04,0.39,126.00,46.41,1998.00,199.00,4.32
199806023200,8.10,-0.04,0.39,69.00,46.40,1998.00,200.00,4.66
199806023201,7.80,-0.04,0.39,108.00,46.41,1998.00,200.00,4.56
199806023202,8.10,-0.04,0.39,69.00,46.74,1998.00,200.00,4.39
199806023203,7.80,-0.04,0.39,82.00,46.74,1998.00,200.00,4.89
199806023204,7.70,-0.04,0.39,98.00,46.74,1998.00,200.00,5.13
199806023205,7.40,-0.04,0.39,137.00,46.74,1998.00,200.00,5.03
199806023206,7.40,-0.04,0.39,158.00,46.75,1998.00,201.00,4.99
199806023207,7.00,-0.04,0.39,194.00,46.74,1998.00,201.00,3.65
199806023208,7.70,-0.04,0.39,103.00,47.07,1998.00,201.00,3.93
199806023209,7.80,-0.04,0.39,82.00,47.41,1998.00,201.00,3.05
199806023210,7.90,-0.04,0.39,66.00,47.58,1998.00,202.00,3.00
199806023211,7.60,-0.04,0.39,118.00,47.57,1998.00,202.00,4.23
199806023212,7.20,-0.04,0.39,136.00,47.57,1998.00,202.00,4.55
199806023213,6.90,-0.04,0.39,165.00,47.57,1998.00,202.00,4.89
199806023216,7.60,-0.04,0.39,123.00,47.74,1998.00,203.00,5.02
199806023217,7.30,-0.04,0.39,148.00,47.74,1998.00,203.00,5.39
199806023220,7.70,-0.04,0.39,78.00,47.74,1998.00,203.00,3.26
199806023221,7.70,-0.04,0.39,62.00,47.74,1998.00,204.00,3.11
199806023222,7.80,-0.04,0.39,70.00,47.90,1998.00,204.00,3.55
199806023223,7.50,-0.04,0.39,101.00,47.91,1998.00,204.00,4.73
199806023224,7.40,-0.04,0.39,127.00,47.91,1998.00,204.00,5.49
199806023225,7.30,-0.04,0.39,153.00,47.91,1998.00,204.00,5.87
199806023227,7.10,-0.04,0.39,168.00,47.89,1998.00,204.00,6.04
200106143144,7.40,-1.31,1.50,168.00,41.25,2001.00,189.00,6.57
200106143145,7.90,-1.31,1.50,98.00,41.25,2001.00,189.00,5.79
200106143146,7.90,-1.31,1.50,67.00,41.23,2001.00,189.00,4.41
200106143148,7.70,-1.31,1.50,115.00,41.44,2001.00,190.00,5.43
200106143149,7.90,-1.31,1.50,94.00,41.40,2001.00,190.00,5.51
200106143150,7.90,-1.31,1.50,81.00,41.41,2001.00,190.00,5.41
200106143151,7.90,-1.31,1.50,72.00,41.40,2001.00,190.00,5.26
200106143153,7.90,-1.31,1.50,98.00,41.56,2001.00,191.00,5.47
200106143154,7.70,-1.31,1.50,130.00,41.59,2001.00,191.00,5.43
200106143159,7.80,-1.31,1.50,79.00,41.74,2001.00,192.00,5.57
200106143160,7.90,-1.31,1.50,110.00,41.74,2001.00,192.00,5.72
200106143164,7.80,-1.31,1.50,113.00,41.91,2001.00,192.00,4.77
200106143165,8.20,-1.31,1.50,65.00,41.92,2001.00,193.00,4.57
200106143166,8.00,-1.31,1.50,81.00,41.92,2001.00,193.00,4.66
200106143169,7.80,-1.31,1.50,119.00,42.08,2001.00,193.00,4.54
200106143170,8.00,-1.31,1.50,81.00,42.08,2001.00,194.00,4.31
200106143171,7.90,-1.31,1.50,104.00,42.08,2001.00,194.00,4.42
200106143172,7.30,-1.31,1.50,121.00,43.41,2001.00,195.00,3.07
200106143173,7.30,-1.31,1.50,103.00,43.41,2001.00,195.00,3.02
200106143174,7.40,-1.31,1.50,88.00,43.41,2001.00,195.00,3.06
200106143175,7.00,-1.31,1.50,193.00,43.40,2001.00,197.00,4.20
200106143179,7.80,-1.31,1.50,104.00,42.23,2001.00,198.00,4.68
200106143180,7.70,-1.31,1.50,133.00,42.24,2001.00,198.00,4.88
200106143185,7.70,-1.31,1.50,120.00,42.38,2001.00,199.00,4.19
200106143189,7.60,-1.31,1.50,64.00,43.07,2001.00,200.00,0.41
200106143190,7.40,-1.31,1.50,103.00,43.04,2001.00,200.00,3.67
200106143191,7.20,-1.31,1.50,129.00,43.07,2001.00,200.00,4.65
200106143194,7.40,-1.31,1.50,73.00,43.57,2001.00,201.00,2.82
200106143195,7.20,-1.31,1.50,106.00,43.60,2001.00,201.00,4.34
200106143196,7.30,-1.31,1.50,140.00,43.58,2001.00,201.00,3.72
200106143197,7.20,-1.31,1.50,174.00,43.57,2001.00,201.00,4.81
200106143202,7.10,-1.31,1.50,185.00,43.91,2001.00,202.00,4.28
200106143203,7.20,-1.31,1.50,143.00,43.92,2001.00,202.00,3.86
200106143204,7.20,-1.31,1.50,130.00,43.92,2001.00,202.00,3.32
200106143205,7.10,-1.31,1.50,108.00,43.91,2001.00,202.00,3.08
200106143206,7.10,-1.31,1.50,84.00,43.91,2001.00,202.00,2.56
200106143207,7.10,-1.31,1.50,74.00,44.25,2001.00,203.00,1.41
200106143208,7.10,-1.31,1.50,85.00,44.25,2001.00,203.00,1.72
200106143209,7.10,-1.31,1.50,94.00,44.25,2001.00,203.00,1.99
200106143210,7.00,-1.31,1.50,103.00,44.25,2001.00,203.00,2.09
200106143211,7.00,-1.31,1.50,110.00,44.25,2001.00,203.00,2.50
200106143212,7.10,-1.31,1.50,111.00,44.21,2001.00,203.00,2.29
200106143215,7.00,-1.31,1.50,150.00,44.28,2001.00,204.00,2.80
200106143220,7.50,-1.31,1.50,82.00,44.58,2001.00,205.00,1.44
200106143222,7.00,-1.31,1.50,125.00,44.55,2001.00,206.00,2.07
200106143223,6.90,-1.31,1.50,165.00,44.55,2001.00,206.00,3.45
200106143231,7.10,-1.31,1.50,171.00,44.92,2001.00,208.00,3.42
200106143232,7.00,-1.31,1.50,147.00,44.89,2001.00,208.00,3.25
200106143233,6.90,-1.31,1.50,123.00,44.92,2001.00,209.00,2.78
200106143234,6.90,-1.31,1.50,99.00,44.90,2001.00,209.00,2.51
200106143236,6.60,-1.31,1.50,161.00,45.24,2001.00,209.00,3.68
200106143237,6.80,-1.31,1.50,129.00,45.22,2001.00,209.00,3.14
200106143238,7.10,-1.31,1.50,92.00,45.23,2001.00,209.00,2.69
200106143245,6.60,-1.31,1.50,194.00,45.56,2001.00,210.00,4.05
200106143246,7.00,-1.31,1.50,99.00,45.57,2001.00,211.00,2.63
200106143247,6.70,-1.31,1.50,121.00,45.58,2001.00,211.00,3.18
200106143248,6.50,-1.31,1.50,162.00,45.57,2001.00,211.00,4.10
200106143249,6.50,-1.31,1.50,177.00,45.58,2001.00,211.00,4.12
200106143252,6.60,-1.31,1.50,154.00,45.90,2001.00,211.00,5.87
200106143253,6.50,-0.77,1.92,147.00,45.89,2001.00,212.00,6.60
200106143254,6.50,-0.77,1.92,143.00,45.90,2001.00,212.00,5.73
200106143255,6.70,-0.77,1.92,121.00,45.91,2001.00,212.00,4.20
200106143256,6.90,-0.77,1.92,102.00,45.91,2001.00,212.00,3.46
200106143257,7.00,-0.77,1.92,85.00,45.90,2001.00,212.00,3.10
200106143258,7.20,-0.77,1.92,72.00,45.90,2001.00,212.00,2.96
200106143259,6.90,-0.77,1.92,78.00,46.24,2001.00,212.00,4.24
200106143260,6.60,-0.77,1.92,113.00,46.22,2001.00,212.00,4.39
200106143261,7.20,-0.77,1.92,66.00,46.41,2001.00,213.00,4.61
200106143262,6.70,-0.77,1.92,108.00,46.40,2001.00,213.00,4.49
200106143263,6.60,-0.77,1.92,124.00,46.41,2001.00,213.00,4.35
200106143264,6.60,-0.77,1.92,150.00,46.41,2001.00,213.00,3.87
200106143265,6.90,-0.77,1.92,139.00,46.56,2001.00,213.00,5.61
200106143266,7.00,-0.77,1.92,89.00,46.56,2001.00,213.00,4.70
200106143267,7.20,-0.77,1.92,61.00,46.57,2001.00,213.00,4.66
200106149065,6.90,-0.47,2.35,68.00,44.41,2001.00,172.00,2.13
200106149066,7.30,-0.47,2.35,84.00,44.40,2001.00,172.00,1.80
200106149070,6.90,-1.31,1.50,168.00,44.39,2001.00,197.00,2.97
200106149071,6.90,-1.31,1.50,131.00,44.39,2001.00,197.00,2.48
200106149074,7.50,-1.31,1.50,151.00,42.58,2001.00,198.00,3.94
200106149075,7.50,-1.31,1.50,107.00,42.58,2001.00,198.00,3.38
200106149076,7.90,-1.31,1.50,62.00,42.58,2001.00,198.00,3.29
200106149077,7.90,-1.31,1.50,64.00,42.43,2001.00,198.00,3.54
200106149078,7.80,-1.31,1.50,80.00,42.42,2001.00,198.00,3.63
200106149087,7.40,-1.31,1.50,119.00,43.28,2001.00,200.00,4.05
200106149088,7.40,-1.31,1.50,79.00,43.28,2001.00,200.00,3.11
200106149091,7.00,-1.31,1.50,177.00,43.73,2001.00,201.00,4.16
200106149093,7.20,-1.31,1.50,115.00,43.74,2001.00,201.00,3.81
200106149094,7.10,-1.31,1.50,105.00,43.75,2001.00,201.00,3.90
200106149096,7.20,-1.31,1.50,84.00,44.07,2001.00,202.00,2.04
200106149097,7.00,-1.31,1.50,112.00,44.08,2001.00,202.00,2.68
200106149098,6.90,-1.31,1.50,123.00,44.07,2001.00,202.00,3.68
200106149105,7.10,-1.31,1.50,122.00,44.42,2001.00,203.00,1.60
200106149110,7.10,-1.31,1.50,136.00,44.73,2001.00,204.00,3.43
200106149112,7.10,-1.31,1.50,112.00,44.74,2001.00,205.00,2.98
200106149113,7.10,-1.31,1.50,102.00,44.74,2001.00,205.00,2.70
200106149114,7.10,-1.31,1.50,83.00,44.73,2001.00,205.00,2.45
200106149121,6.70,-1.31,1.50,156.00,45.09,2001.00,207.00,3.57
200106149122,6.80,-1.31,1.50,128.00,45.06,2001.00,207.00,2.95
200106149123,7.10,-1.31,1.50,87.00,45.06,2001.00,207.00,2.05
200106149124,6.60,-1.31,1.50,171.00,45.40,2001.00,207.00,4.36
200106149125,6.60,-1.31,1.50,153.00,45.40,2001.00,208.00,4.03
200106149126,6.70,-1.31,1.50,127.00,45.40,2001.00,208.00,3.52
200106149127,6.90,-1.31,1.50,89.00,45.40,2001.00,209.00,2.91
200106149134,6.50,-1.31,1.50,196.00,45.76,2001.00,210.00,3.19
200106149135,6.50,-1.31,1.50,188.00,45.75,2001.00,210.00,3.90
200106149136,6.60,-1.31,1.50,177.00,45.74,2001.00,211.00,4.80
200106149137,6.60,-1.31,1.50,147.00,45.76,2001.00,211.00,5.08
200106149138,6.60,-1.31,1.50,137.00,45.73,2001.00,211.00,4.11
200106149139,7.10,-1.31,1.50,76.00,45.73,2001.00,211.00,2.22
200106149140,6.90,-1.31,1.50,113.00,45.74,2001.00,211.00,3.22
200106149141,7.10,-1.31,1.50,69.00,46.07,2001.00,211.00,3.19
200106149144,6.60,-0.77,1.92,176.00,46.08,2001.00,212.00,5.08
200106149145,6.50,-0.77,1.92,145.00,46.07,2001.00,212.00,4.75
200106149146,6.60,-0.77,1.92,140.00,46.07,2001.00,212.00,4.70
200106149147,6.60,-0.77,1.92,133.00,46.08,2001.00,212.00,4.62
200106149148,6.70,-0.77,1.92,124.00,46.08,2001.00,213.00,4.34
200106149149,7.00,-0.77,1.92,90.00,46.08,2001.00,213.00,3.42
200106149150,6.70,-0.77,1.92,126.00,46.23,2001.00,213.00,4.29
200106149153,6.70,-0.77,1.92,195.00,46.57,2001.00,214.00,6.12
200106149154,6.70,-0.77,1.92,197.00,46.58,2001.00,214.00,5.90
200106149155,6.90,-0.77,1.92,160.00,46.74,2001.00,214.00,4.84
200106149156,6.70,-0.77,1.92,194.00,46.73,2001.00,214.00,3.76
200106149158,7.10,-0.77,1.92,68.00,46.75,2001.00,215.00,4.48
200106149159,7.10,-0.77,1.92,80.00,46.74,2001.00,215.00,4.91
200106149160,7.00,-0.77,1.92,97.00,46.74,2001.00,215.00,5.12
200106149162,6.90,-0.77,1.92,148.00,46.91,2001.00,215.00,5.47
200106149164,6.90,-0.77,1.92,131.00,46.90,2001.00,216.00,5.53
200106149165,7.00,-0.77,1.92,112.00,46.90,2001.00,216.00,5.48
200106149166,7.00,-0.77,1.92,100.00,46.90,2001.00,216.00,4.94
200106149167,7.10,-0.77,1.92,83.00,46.90,2001.00,216.00,3.21
200106149168,7.20,-0.77,1.92,77.00,47.08,2001.00,218.00,2.33
200106149169,7.10,-0.77,1.92,98.00,47.05,2001.00,218.00,3.79
200106149170,6.90,-0.77,1.92,114.00,47.06,2001.00,218.00,4.34
200106149171,6.90,-0.77,1.92,136.00,47.07,2001.00,218.00,4.54
200106149172,6.90,-0.77,1.92,150.00,47.06,2001.00,218.00,4.27
200106149174,6.80,-0.77,1.92,192.00,47.25,2001.00,219.00,4.79
200106149175,6.90,-0.77,1.92,145.00,47.23,2001.00,219.00,4.36
200106149176,6.90,-0.77,1.92,122.00,47.23,2001.00,219.00,3.91
200106149177,7.10,-0.77,1.92,78.00,47.24,2001.00,220.00,2.16
200106149178,7.00,-0.77,1.92,95.00,47.23,2001.00,220.00,3.13
200106149179,7.00,-0.77,1.92,81.00,47.41,2001.00,220.00,3.05
200106149180,6.90,-0.77,1.92,106.00,47.40,2001.00,220.00,4.03
200106149181,6.80,-0.77,1.92,123.00,47.40,2001.00,220.00,4.59
200106149182,6.90,-0.77,1.92,140.00,47.59,2001.00,220.00,4.65
200106149185,6.90,-0.77,1.92,168.00,47.59,2001.00,221.00,4.90
200106149186,7.00,-0.77,1.92,119.00,47.56,2001.00,221.00,4.30
200106149187,7.30,-0.77,1.92,68.00,47.57,2001.00,221.00,3.00
200106149188,7.20,-0.77,1.92,61.00,47.74,2001.00,222.00,3.07
200106149189,7.10,-0.77,1.92,78.00,47.73,2001.00,222.00,3.34
200106149190,7.00,-0.77,1.92,122.00,47.75,2001.00,222.00,5.03
200106149191,7.00,-0.77,1.92,145.00,47.73,2001.00,222.00,5.31
200106149192,6.90,-0.77,1.92,200.00,47.74,2001.00,222.00,5.79
200106149194,7.10,-0.77,1.92,74.00,47.89,2001.00,222.00,3.48
200106149195,7.00,-0.77,1.92,128.00,47.90,2001.00,223.00,5.51
